{
    "activity_1": {
        "recall": 0.8846153846153846,
        "precision": 0.5575757575757576,
        "accuracy": 75.0
    },
    "aircraft": {
        "recall": 0.8928571428571429,
        "precision": 0.5208333333333334,
        "accuracy": 75.0
    },
    "allergy_1": {
        "recall": 1.0,
        "precision": 0.7948717948717948,
        "accuracy": 100.0
    },
    "apartment_rentals": {
        "recall": 1.0,
        "precision": 0.5396825396825397,
        "accuracy": 100.0
    },
    "architecture": {
        "recall": 1.0,
        "precision": 0.7407407407407407,
        "accuracy": 100.0
    },
    "assets_maintenance": {
        "recall": 0.8490566037735849,
        "precision": 0.5625,
        "accuracy": 65.21739130434783
    },
    "baseball_1": {
        "recall": 0.7129629629629629,
        "precision": 0.3737864077669903,
        "accuracy": 42.30769230769231
    },
    "behavior_monitoring": {
        "recall": 0.8888888888888888,
        "precision": 0.46511627906976744,
        "accuracy": 77.27272727272727
    },
    "bike_1": {
        "recall": 1.0,
        "precision": 0.5588235294117647,
        "accuracy": 100.0
    },
    "body_builder": {
        "recall": 1.0,
        "precision": 1.0,
        "accuracy": 100.0
    },
    "book_2": {
        "recall": 1.0,
        "precision": 1.0,
        "accuracy": 100.0
    },
    "browser_web": {
        "recall": 1.0,
        "precision": 0.8888888888888888,
        "accuracy": 100.0
    },
    "candidate_poll": {
        "recall": 1.0,
        "precision": 1.0,
        "accuracy": 100.0
    },
    "cinema": {
        "recall": 1.0,
        "precision": 0.7222222222222222,
        "accuracy": 100.0
    },
    "city_record": {
        "recall": 0.9807692307692307,
        "precision": 0.7183098591549296,
        "accuracy": 95.45454545454545
    },
    "climbing": {
        "recall": 1.0,
        "precision": 1.0,
        "accuracy": 100.0
    },
    "club_1": {
        "recall": 1.0,
        "precision": 0.9733333333333334,
        "accuracy": 100.0
    },
    "coffee_shop": {
        "recall": 1.0,
        "precision": 0.6666666666666666,
        "accuracy": 100.0
    },
    "college_2": {
        "recall": 0.7307692307692307,
        "precision": 0.4453125,
        "accuracy": 39.39393939393939
    },
    "college_3": {
        "recall": 0.8918918918918919,
        "precision": 0.528,
        "accuracy": 75.0
    },
    "company_employee": {
        "recall": 1.0,
        "precision": 0.9333333333333333,
        "accuracy": 100.0
    },
    "company_office": {
        "recall": 1.0,
        "precision": 0.9166666666666666,
        "accuracy": 100.0
    },
    "county_public_safety": {
        "recall": 1.0,
        "precision": 1.0,
        "accuracy": 100.0
    },
    "cre_Docs_and_Epenses": {
        "recall": 1.0,
        "precision": 0.509090909090909,
        "accuracy": 100.0
    },
    "cre_Doc_Control_Systems": {
        "recall": 1.0,
        "precision": 0.4727272727272727,
        "accuracy": 100.0
    },
    "cre_Doc_Tracking_DB": {
        "recall": 1.0,
        "precision": 0.5227272727272727,
        "accuracy": 100.0
    },
    "cre_Drama_Workshop_Groups": {
        "recall": 0.825,
        "precision": 0.4230769230769231,
        "accuracy": 65.78947368421053
    },
    "cre_Theme_park": {
        "recall": 0.6702127659574468,
        "precision": 0.3772455089820359,
        "accuracy": 42.857142857142854
    },
    "csu_1": {
        "recall": 0.868421052631579,
        "precision": 0.5116279069767442,
        "accuracy": 72.22222222222221
    },
    "culture_company": {
        "recall": 1.0,
        "precision": 0.7777777777777778,
        "accuracy": 100.0
    },
    "customers_and_addresses": {
        "recall": 0.9741379310344828,
        "precision": 0.6890243902439024,
        "accuracy": 93.18181818181817
    },
    "customers_and_invoices": {
        "recall": 0.9878048780487805,
        "precision": 0.4682080924855491,
        "accuracy": 97.5
    },
    "customers_and_products_contacts": {
        "recall": 1.0,
        "precision": 0.6666666666666666,
        "accuracy": 100.0
    },
    "customers_campaigns_ecommerce": {
        "recall": 0.9285714285714286,
        "precision": 0.40625,
        "accuracy": 85.71428571428571
    },
    "customers_card_transactions": {
        "recall": 1.0,
        "precision": 0.5306122448979592,
        "accuracy": 100.0
    },
    "customer_complaints": {
        "recall": 1.0,
        "precision": 0.6285714285714286,
        "accuracy": 100.0
    },
    "customer_deliveries": {
        "recall": 1.0,
        "precision": 0.5185185185185185,
        "accuracy": 100.0
    },
    "debate": {
        "recall": 1.0,
        "precision": 0.8333333333333334,
        "accuracy": 100.0
    },
    "decoration_competition": {
        "recall": 1.0,
        "precision": 0.6666666666666666,
        "accuracy": 100.0
    },
    "department_management": {
        "recall": 1.0,
        "precision": 0.7777777777777778,
        "accuracy": 100.0
    },
    "department_store": {
        "recall": 0.82,
        "precision": 0.47126436781609193,
        "accuracy": 77.27272727272727
    },
    "device": {
        "recall": 1.0,
        "precision": 0.7142857142857143,
        "accuracy": 100.0
    },
    "document_management": {
        "recall": 0.84375,
        "precision": 0.574468085106383,
        "accuracy": 64.28571428571429
    },
    "dorm_1": {
        "recall": 0.8571428571428571,
        "precision": 0.7248322147651006,
        "accuracy": 60.0
    },
    "driving_school": {
        "recall": 0.9777777777777777,
        "precision": 0.49162011173184356,
        "accuracy": 95.55555555555556
    },
    "election": {
        "recall": 1.0,
        "precision": 0.6666666666666666,
        "accuracy": 100.0
    },
    "election_representative": {
        "recall": 1.0,
        "precision": 1.0,
        "accuracy": 100.0
    },
    "entertainment_awards": {
        "recall": 1.0,
        "precision": 0.9523809523809523,
        "accuracy": 100.0
    },
    "entrepreneur": {
        "recall": 1.0,
        "precision": 1.0,
        "accuracy": 100.0
    },
    "e_government": {
        "recall": 0.9722222222222222,
        "precision": 0.5737704918032787,
        "accuracy": 93.75
    },
    "e_learning": {
        "recall": 0.96875,
        "precision": 0.5406976744186046,
        "accuracy": 93.75
    },
    "farm": {
        "recall": 1.0,
        "precision": 0.6451612903225806,
        "accuracy": 100.0
    },
    "film_rank": {
        "recall": 1.0,
        "precision": 0.7083333333333334,
        "accuracy": 100.0
    },
    "flight_1": {
        "recall": 0.967741935483871,
        "precision": 0.6,
        "accuracy": 92.3076923076923
    },
    "flight_company": {
        "recall": 1.0,
        "precision": 0.7083333333333334,
        "accuracy": 100.0
    },
    "formula_1": {
        "recall": 0.7288135593220338,
        "precision": 0.4942528735632184,
        "accuracy": 52.0
    },
    "game_1": {
        "recall": 0.9705882352941176,
        "precision": 0.616822429906542,
        "accuracy": 93.75
    },
    "game_injury": {
        "recall": 1.0,
        "precision": 0.8181818181818182,
        "accuracy": 100.0
    },
    "gas_company": {
        "recall": 1.0,
        "precision": 0.8666666666666667,
        "accuracy": 100.0
    },
    "gymnast": {
        "recall": 1.0,
        "precision": 1.0,
        "accuracy": 100.0
    },
    "hospital_1": {
        "recall": 0.8061224489795918,
        "precision": 0.535593220338983,
        "accuracy": 52.63157894736842
    },
    "hr_1": {
        "recall": 0.8292682926829268,
        "precision": 0.5714285714285714,
        "accuracy": 67.64705882352942
    },
    "inn_1": {
        "recall": 1.0,
        "precision": 1.0,
        "accuracy": 100.0
    },
    "insurance_and_eClaims": {
        "recall": 0.7708333333333334,