{
    "Hard": 92.87211740041928,
    "Easy": 99.49250845819236,
    "total": 96.78571428571429,
    "Hard Size": 44,
    "Easy Size": 96,
    "hard_num_correct": 2658,
    "hard_num_incorrect": 204,
    "easy_num_correct": 4117,
    "easy_num_incorrect": 21
}