{
    "Hard": 74.2231638418079,
    "Easy": 84.01585204755614,
    "total": 79.28327645051195,
    "Hard Size": 48,
    "Easy Size": 85,
    "hard_num_correct": 1051,
    "hard_num_incorrect": 365,
    "easy_num_correct": 1272,
    "easy_num_incorrect": 242
}